name,datetime,tempmax,tempmin,temp,feelslikemax,feelslikemin,feelslike,dew,humidity,precip,precipprob,precipcover,preciptype,snow,snowdepth,windgust,windspeed,winddir,sealevelpressure,cloudcover,visibility,solarradiation,solarenergy,uvindex,severerisk,sunrise,sunset,moonphase,conditions,description,icon,stations
84102,2024-01-01,5.6,-3.8,-0.1,3.6,-6.2,-1.6,-3.1,81.1,0,0,0,,0,0,11.2,11.9,272.9,1024,6,8.3,101.3,8.7,4,10,2024-01-01T07:51:45,2024-01-01T17:10:21,0.69,Clear,Clear conditions throughout the day.,clear-day,"WBB,72572024127,KHIF,A0002804116,72057299999,KSLC"
84102,2024-01-02,6.2,-3.8,-0.7,5,-7.4,-2.5,-3.8,80.5,0,0,0,,0,0,38.9,12.5,176.2,1024.5,13.1,7.6,101.8,8.6,4,10,2024-01-02T07:51:51,2024-01-02T17:11:12,0.72,Clear,Clear conditions throughout the day.,clear-day,"WBB,72572024127,KHIF,A0002804116,KSLC"
84102,2024-01-03,5,-4.3,-0.7,2.6,-9,-3.4,-3.9,79.4,0,0,0,,0,0,38.9,16.8,292.3,1016.2,81.4,10.3,51.8,4.5,3,10,2024-01-03T07:51:55,2024-01-03T17:12:04,0.75,Partially cloudy,Partly cloudy throughout the day.,partly-cloudy-day,"WBB,72572024127,KHIF,A0002804116,72057299999,KSLC"
84102,2024-01-04,2.1,-0.6,0.9,1,-3.2,-1.7,-1,86.9,0.27,100,8.33,"rain,snow",1.4,1.3,18.4,20.1,300.9,1017.9,98.1,7.8,22.4,2,1,10,2024-01-04T07:51:56,2024-01-04T17:12:58,0.78,"Snow, Rain, Overcast",Cloudy skies throughout the day with rain or snow.,snow,"WBB,72572024127,KHIF,A0002804116,72057299999,KSLC"
84102,2024-01-05,1.1,-1.8,0.4,1,-4.5,-1.5,-1.2,88.8,3.657,100,33.33,"rain,snow",15,8.2,27.7,16.8,304.5,1020.6,96.1,9.6,21.4,1.6,1,10,2024-01-05T07:51:56,2024-01-05T17:13:53,0.82,"Snow, Rain, Overcast",Cloudy skies throughout the day with rain or snow in the morning and afternoon.,snow,"WBB,72572024127,KHIF,A0002804116,72057299999,KSLC"
84102,2024-01-06,1.5,-3.5,-0.5,-0.7,-8.4,-4.6,-5.3,72,0,0,0,"rain,snow",0.3,11.1,53.7,32,166.1,1015.1,87.7,15.8,77.2,6.5,4,10,2024-01-06T07:51:53,2024-01-06T17:14:50,0.85,Partially cloudy,Partly cloudy throughout the day.,partly-cloudy-day,"WBB,72572024127,KHIF,A0002804116,72057299999,KSLC"
84102,2024-01-07,0.5,-6.3,-1.8,-3.6,-11.8,-7.1,-5.4,76.7,3.308,100,37.5,"rain,snow",21.6,14.8,40.7,29.2,318.2,1007.1,95.8,10,64.5,5.3,3,10,2024-01-07T07:51:47,2024-01-07T17:15:48,0.88,"Snow, Rain, Overcast",Cloudy skies throughout the day with rain or snow clearing later.,snow,"WBB,72572024127,KHIF,A0002804116,KSLC"
84102,2024-01-08,-1.4,-8,-5,-3,-12.9,-9,-9.2,72.9,0,0,0,snow,0.3,17.1,14.8,16.6,345.4,1022.7,52.2,16,122.5,10.6,6,10,2024-01-08T07:51:40,2024-01-08T17:16:48,0.91,Partially cloudy,Becoming cloudy in the afternoon.,partly-cloudy-day,"WBB,72572024127,KHIF,A0002804116,72057299999,KSLC"
84102,2024-01-09,1,-7,-2.6,-0.7,-13.1,-7.9,-8.7,64,0.445,100,8.33,"rain,snow",4.6,16,74.6,33.7,154.9,1017.8,80.6,15.3,61.1,5.2,6,10,2024-01-09T07:51:30,2024-01-09T17:17:48,0.94,"Snow, Rain, Partially cloudy",Partly cloudy throughout the day with late afternoon rain or snow.,snow,"WBB,72572024127,KHIF,A0002804116,72057299999,KSLC"
84102,2024-01-10,1,-4,-1.7,-2.3,-9.4,-6.4,-6.4,71.4,1.878,100,20.83,"rain,snow",13.1,21.3,50,29.6,183.9,1005.9,90.8,12.7,33.3,2.7,2,10,2024-01-10T07:51:18,2024-01-10T17:18:50,0.98,"Snow, Rain, Overcast",Cloudy skies throughout the day with rain or snow.,snow,"WBB,72572024127,KHIF,A0002804116,72057299999,KSLC"
84102,2024-01-11,-1.8,-6.4,-3.9,-2.9,-10.7,-6.8,-7.7,74.8,1.158,100,16.67,snow,8.9,25.9,33.5,20.6,187.2,1011.1,95,13.6,43.3,3.7,2,10,2024-01-11T07:51:04,2024-01-11T17:19:53,0,"Snow, Overcast",Cloudy skies throughout the day with snow in the morning and afternoon.,snow,"WBB,72572024127,KHIF,A0002804116,72057299999,KSLC"
84102,2024-01-12,1.4,-3.4,-1,-3.1,-10.9,-7.4,-9.4,53.2,0,0,0,"rain,snow",8.2,25.4,55.4,35.6,218.6,1009.9,92.3,15.9,26.8,2.3,1,10,2024-01-12T07:50:47,2024-01-12T17:20:57,0.05,Overcast,Cloudy skies throughout the day.,cloudy,"WBB,72572024127,KHIF,A0002804116,72057299999,KSLC"
84102,2024-01-13,3.6,-3,-0.1,-0.2,-8,-4.1,-6,65.1,0.128,100,25,"rain,snow",10.4,24.3,48.2,33.3,157.9,1012.4,98.3,14.6,51.2,4.5,2,10,2024-01-13T07:50:28,2024-01-13T17:22:02,0.08,"Snow, Rain, Overcast",Cloudy skies throughout the day with rain or snow.,snow,"WBB,72572024127,KHIF,72575524101,A0002804116,72057299999,KSLC"
84102,2024-01-14,3.8,0,1.9,1.8,-3.7,-1,0.5,90.1,0.577,100,29.17,"rain,snow",1,21.6,37.1,24.8,155.6,1010.6,96.7,11.8,35.5,3,2,10,2024-01-14T07:50:07,2024-01-14T17:23:08,0.12,"Snow, Rain, Overcast",Cloudy skies throughout the day with rain or snow clearing later.,snow,"WBB,72572024127,KHIF,72575524101,A0002804116,72057299999,KSLC"
84102,2024-01-15,1.4,-7.2,-1.2,0.1,-10.8,-5.1,-5.7,72.4,0,0,0,"rain,snow",1.9,19.3,35.3,29,325.6,1020.7,62.3,15.9,120.4,10.3,6,10,2024-01-15T07:49:44,2024-01-15T17:24:15,0.15,Partially cloudy,Partly cloudy throughout the day.,partly-cloudy-day,"WBB,72572024127,KHIF,A0002804116,72057299999,KSLC"
84102,2024-01-16,-0.1,-10.9,-6,-2.6,-14.7,-7.8,-10.3,72.5,0,0,0,,0,17.4,13,16,325.5,1022.6,27.8,16,120.5,10.5,5,10,2024-01-16T07:49:19,2024-01-16T17:25:23,0.19,Partially cloudy,Partly cloudy throughout the day.,partly-cloudy-day,"WBB,72572024127,KHIF,A0002804116,72057299999,KSLC"
84102,2024-01-17,3.8,-6.4,-0.1,1,-10.6,-3.5,-2.5,84.5,0.573,100,41.67,"rain,snow",6.2,17.7,25.9,26.1,149.9,1011.9,93.8,10.9,29.2,2.6,2,10,2024-01-17T07:48:51,2024-01-17T17:26:31,0.25,"Snow, Rain, Overcast",Cloudy skies throughout the day with a chance of rain or snow throughout the day.,snow,"KOGD,WBB,72572024127,KHIF,72575524101,A0002804116,72057299999,KSLC"
84102,2024-01-18,9.5,1.1,3.9,9.5,-2.6,2,-1,71.8,0.882,100,4.17,rain,0,16.5,16.6,16,143.7,1020.8,75.1,15.4,109.6,9.4,5,10,2024-01-18T07:48:22,2024-01-18T17:27:41,0.26,"Rain, Partially cloudy",Partly cloudy throughout the day with early morning rain.,rain,"WBB,72572024127,KHIF,72575524101,A0002804116,72057299999,KSLC"
84102,2024-01-19,8.5,0,2.9,8.5,-4.2,0.8,-2.2,69.6,0,0,0,,0,11.3,29.5,20.9,147.8,1021.9,80.2,15.7,88.9,7.8,6,10,2024-01-19T07:47:50,2024-01-19T17:28:51,0.29,Partially cloudy,Partly cloudy throughout the day.,partly-cloudy-day,"KOGD,WBB,72572024127,KHIF,72575524101,A0002804116,72057299999,72575024126,KSLC"
84102,2024-01-20,8.8,-0.5,3.8,6.3,-3.1,1.5,-0.4,74.9,0,0,0,,0,2.8,42.6,25.5,160.8,1012.7,79.2,14.3,50.4,4.3,3,10,2024-01-20T07:47:16,2024-01-20T17:30:01,0.33,Partially cloudy,Partly cloudy throughout the day.,partly-cloudy-day,"WBB,72572024127,KHIF,72575524101,A0002804116,72057299999,KSLC"
84102,2024-01-21,6.5,1.1,3.7,6.5,-1.8,1.7,1.4,84.7,0.779,100,12.5,rain,0,0.6,18.4,16.4,150.3,1010.1,91.8,12.3,39.9,3.5,2,10,2024-01-21T07:46:40,2024-01-21T17:31:12,0.36,"Rain, Overcast",Cloudy skies throughout the day with rain.,rain,"WBB,72572024127,KHIF,72575524101,A0002804116,72057299999,KSLC"
84102,2024-01-22,8.6,1.1,4.9,6.6,-2,2.7,1.4,79.1,0,0,0,,0,0,14.8,16.5,140.6,1010.5,81,15.1,72.3,6.3,3,10,2024-01-22T07:46:02,2024-01-22T17:32:24,0.4,Partially cloudy,Partly cloudy throughout the day.,partly-cloudy-day,"WBB,72572024127,KHIF,A0002804116,72057299999,KSLC"
84102,2024-01-23,8.2,1.9,4.6,7.7,-0.4,3.7,1.2,79.5,0,0,0,,0,0.3,9.4,13.9,322.2,1012.4,96.2,12.3,63.3,5.3,3,10,2024-01-23T07:45:22,2024-01-23T17:33:36,0.43,Overcast,Cloudy skies throughout the day.,cloudy,"WBB,72572024127,KHIF,72575524101,A0002804116,72057299999,KSLC"
84102,2024-01-24,8.2,1.2,4.1,7.5,-1.2,2.4,1.5,84.2,0.72,100,12.5,rain,0,0,9.4,12.9,349.7,1017.4,82.5,12.3,121.8,10.5,7,10,2024-01-24T07:44:40,2024-01-24T17:34:49,0.47,"Rain, Partially cloudy",Partly cloudy throughout the day with early morning rain.,rain,"WBB,72572024127,KHIF,72575524101,A0002804116,72057299999,KSLC"
84102,2024-01-25,4.8,1.8,3.2,3.7,-1.4,0.7,1.3,87.5,2.238,100,54.17,rain,0.6,0,11.2,20.7,288.4,1017,100,10.9,19.4,1.8,1,10,2024-01-25T07:43:56,2024-01-25T17:36:02,0.5,"Rain, Overcast",Cloudy skies throughout the day with rain or snow.,snow,"WBB,72572024127,KHIF,72575524101,A0002804116,72057299999,KSLC"
84102,2024-01-26,6.6,1,3.4,4.4,-1.9,1,-0.8,75.1,0.009,100,4.17,rain,0,0,9.4,17.8,302.3,1027.8,78.4,16,108.9,9.4,6,10,2024-01-26T07:43:10,2024-01-26T17:37:15,0.53,"Rain, Partially cloudy",Partly cloudy throughout the day with early morning rain.,rain,"WBB,72572024127,KHIF,A0002804116,72057299999,KSLC"
84102,2024-01-27,9.7,0.6,4.3,9.7,-2.7,2.2,-1.8,65.8,0,0,0,,0,0,9.4,18.1,157.8,1032.4,89.5,15.8,117.2,10.2,5,10,2024-01-27T07:42:22,2024-01-27T17:38:29,0.57,Partially cloudy,Partly cloudy throughout the day.,partly-cloudy-day,"WBB,72572024127,KHIF,A0002804116,72057299999,KSLC"
84102,2024-01-28,11.4,0.7,5.3,11.4,-2.1,3.7,-0.2,69.5,0,0,0,,0,0,9.4,14.6,190.4,1031.4,56.5,15,124.3,10.8,5,10,2024-01-28T07:41:33,2024-01-28T17:39:42,0.6,Partially cloudy,Partly cloudy throughout the day.,partly-cloudy-day,"WBB,72572024127,KHIF,A0002804116,72057299999,KSLC"
84102,2024-01-29,11,0.7,4.7,11,-1.6,4.1,1,77.7,0,0,0,,0,0,9.4,11.1,307.9,1029.5,9.9,12.3,133.7,11.6,5,10,2024-01-29T07:40:41,2024-01-29T17:40:56,0.63,Clear,Clear conditions throughout the day.,clear-day,"WBB,72572024127,KHIF,A0002804116,72057299999,KSLC"
84102,2024-01-30,11.5,0.6,4.9,11.5,-2.3,3.8,0.9,76.3,0,0,0,,0,0,42.5,12.1,226,1024.4,0,12.5,139.7,12,6,10,2024-01-30T07:39:48,2024-01-30T17:42:11,0.67,Clear,Clear conditions throughout the day.,clear-day,"WBB,72572024127,KHIF,72575524101,A0002804116,72057299999,KSLC"
84102,2024-01-31,16.5,1.1,8.1,16.5,-1.7,6.5,-1.3,56.6,0,0,0,,0,0,46.4,26.8,162,1016.8,8.5,15.1,145,12.5,6,10,2024-01-31T07:38:53,2024-01-31T17:43:25,0.7,Clear,Clear conditions throughout the day.,clear-day,"WBB,72572024127,KHIF,72575524101,A0002804116,72057299999,KSLC"
84102,2024-02-01,14.3,8.1,10.8,14.3,4.6,9.5,0.2,48.8,0,0,0,,0,0,53.6,26.9,158.4,1005.4,80.2,16,60.2,5.2,4,10,2024-02-01T07:37:56,2024-02-01T17:44:39,0.73,Partially cloudy,Partly cloudy throughout the day.,partly-cloudy-day,"WBB,72572024127,KHIF,72575524101,A0002804116,72057299999,KSLC"
84102,2024-02-02,8.7,2.2,5.4,7.6,-1.9,2.7,3.6,88.8,23.264,100,100,rain,1.8,0.4,38.9,24.6,320.6,1001.4,100,9.9,26.7,2.3,1,10,2024-02-02T07:36:57,2024-02-02T17:45:54,0.75,"Rain, Overcast",Cloudy skies throughout the day with a chance of rain or snow throughout the day.,snow,"WBB,72572024127,KHIF,72575524101,A0002804116,72057299999,KSLC"
84102,2024-02-03,6.1,1.7,3.7,3.8,-0.8,1.5,-0.2,76.7,1.571,100,12.5,rain,0.6,1.5,27.7,20.2,339.3,1009.5,93.6,14.7,96.5,8.5,9,10,2024-02-03T07:35:57,2024-02-03T17:47:08,0.8,"Rain, Overcast",Cloudy skies throughout the day with rain or snow.,snow,"WBB,72572024127,KHIF,A0002804116,72057299999,KSLC"
84102,2024-02-04,7.1,-0.8,3.3,3,-4.9,-0.1,-5,59.1,0,0,0,,0,0,45.4,30.4,163.3,1016.6,53.4,16,149.8,13,7,10,2024-02-04T07:34:55,2024-02-04T17:48:23,0.83,Partially cloudy,Becoming cloudy in the afternoon.,partly-cloudy-day,"WBB,72572024127,KHIF,72575524101,A0002804116,72057299999,KSLC"
84102,2024-02-05,9,5.5,6.8,4.9,0.2,2.7,0.1,63.6,0.195,100,37.5,rain,0,0,70.2,45.5,164.6,1012.2,96.5,15.9,24,2,1,10,2024-02-05T07:33:51,2024-02-05T17:49:37,0.86,"Rain, Overcast",Cloudy skies throughout the day with rain.,rain,"WBB,72572024127,KHIF,72575524101,A0002804116,72057299999,KSLC"
84102,2024-02-06,11,3.9,6.9,11,1.7,5,2.4,74.5,2.749,100,29.17,rain,0,0,40.7,23.1,165.3,1003.8,96.2,15.3,56.3,4.8,3,10,2024-02-06T07:32:46,2024-02-06T17:50:52,0.9,"Rain, Overcast",Cloudy skies throughout the day with rain.,rain,"WBB,72572024127,KHIF,72575524101,A0002804116,72057299999,KSLC"
84102,2024-02-07,6.5,1.1,3.1,5,-3.2,0.7,1.4,88.6,18.51,100,50,"rain,snow",1.7,2.2,46.3,24.9,179.1,1000.1,95,11.3,14.1,1.3,1,10,2024-02-07T07:31:39,2024-02-07T17:52:06,0.93,"Snow, Rain, Overcast",Cloudy skies throughout the day with a chance of rain or snow throughout the day.,snow,"WBB,72572024127,KHIF,72575524101,A0002804116,72057299999,KSLC"
84102,2024-02-08,5,1.1,2.2,4.3,-2.1,0.3,0.3,87.3,6.903,100,41.67,"rain,snow",0,5.3,16.6,15.5,48.5,1008.6,93,13.9,104.1,8.9,8,10,2024-02-08T07:30:31,2024-02-08T17:53:20,0.96,"Snow, Rain, Overcast",Cloudy skies throughout the day with a chance of rain or snow throughout the day.,rain,"KOGD,WBB,72572024127,KHIF,72575524101,A0002804116,72057299999,72575024126,KSLC"
84102,2024-02-09,3.2,-0.8,1.2,3.2,-4.2,-0.5,-2.4,78.4,1.204,100,16.67,"rain,snow",1.6,19.5,13,17.5,335.4,1013.4,91.3,14.5,70.2,6,4,10,2024-02-09T07:29:22,2024-02-09T17:54:34,0,"Snow, Rain, Overcast",Cloudy skies throughout the day with a chance of rain or snow throughout the day.,snow,"KOGD,WBB,72572024127,KHIF,72575524101,72575024126,A0002804116,72057299999,KSLC"
84102,2024-02-10,3.1,-3.3,-0.2,-0.8,-6.6,-3.1,-4.8,72.4,0,0,0,"rain,snow",0.6,0,31.7,24.9,323.8,1018.9,49.8,16,118.7,10.4,7,10,2024-02-10T07:28:11,2024-02-10T17:55:48,0.03,Partially cloudy,Becoming cloudy in the afternoon.,partly-cloudy-day,"WBB,72572024127,KHIF,72575524101,A0002804116,72057299999,KSLC"
84102,2024-02-11,3.2,-4.6,-0.6,2,-8.6,-3.1,-6.7,64.2,0,0,0,,0,0,24.1,13.6,157.4,1025,34.9,16,170.7,14.8,7,10,2024-02-11T07:26:58,2024-02-11T17:57:02,0.06,Partially cloudy,Partly cloudy throughout the day.,partly-cloudy-day,"WBB,72572024127,KHIF,72575524101,A0002804116,72057299999,KSLC"
84102,2024-02-12,7,-2.9,1.2,6.5,-7,-1.7,-5.6,61.6,0,0,0,,0,0,13,16.8,147.3,1022.5,49.8,16,144.3,12.5,5,10,2024-02-12T07:25:44,2024-02-12T17:58:15,0.1,Partially cloudy,Partly cloudy throughout the day.,partly-cloudy-day,"WBB,72572024127,KHIF,72575524101,A0002804116,72057299999,KSLC"
84102,2024-02-13,8.5,-1.2,3.5,6.4,-4.8,1,-4.1,58.6,0,0,0,,0,0.1,20.5,16.5,178.3,1015.1,60.6,16,144.4,12.5,6,10,2024-02-13T07:24:29,2024-02-13T17:59:29,0.13,Partially cloudy,Partly cloudy throughout the day.,partly-cloudy-day,"WBB,72572024127,KHIF,72575524101,A0002804116,72057299999,KSLC"
84102,2024-02-14,10.5,2.7,6.4,10.5,-1.1,3.9,-1.1,61.9,0.438,100,4.17,rain,0,0.1,40.7,27.6,162.9,1014.8,89.5,15.4,106.2,9.2,7,10,2024-02-14T07:23:13,2024-02-14T18:00:42,0.17,"Rain, Partially cloudy",Partly cloudy throughout the day with early morning rain.,rain,"WBB,72572024127,KHIF,72575524101,A0002804116,72057299999,KSLC"
84102,2024-02-15,8.6,2.7,6.4,7.7,-0.9,3.9,-0.5,62.9,0.721,100,29.17,rain,0,0,51.8,27.2,173.3,1016.1,86.8,15.7,51.8,4.5,5,10,2024-02-15T07:21:55,2024-02-15T18:01:55,0.2,"Rain, Partially cloudy",Partly cloudy throughout the day with rain in the morning and afternoon.,rain,"WBB,72572024127,KHIF,72575524101,A0002804116,72057299999,72575024126,KSLC"
84102,2024-02-16,8.5,1.5,4.2,4.6,-1.3,1,-0.7,71.2,0.504,100,16.67,rain,0,0,53.6,32.5,247.2,1020,89.6,15.6,30.8,2.6,2,10,2024-02-16T07:20:36,2024-02-16T18:03:07,0.25,"Rain, Partially cloudy",Partly cloudy throughout the day with rain.,rain,"WBB,72572024127,KHIF,72575524101,A0002804116,72057299999,KSLC"
84102,2024-02-17,7,-3.4,1.8,5.3,-6.2,-0.6,-5,63.5,0,0,0,,0,0,46.4,19.4,158.5,1023.7,53.4,16,188,16.1,7,10,2024-02-17T07:19:16,2024-02-17T18:04:19,0.27,Partially cloudy,Partly cloudy throughout the day.,partly-cloudy-day,"WBB,72572024127,KHIF,72575524101,A0002804116,72057299999,KSLC"
84102,2024-02-18,9.1,2,4.8,7.9,-1.6,2,-1.5,64.8,0,0,0,,0,0,51.8,32.2,158.3,1015.2,82.4,15.9,113.7,9.8,9,10,2024-02-18T07:17:55,2024-02-18T18:05:31,0.3,Partially cloudy,Partly cloudy throughout the day.,partly-cloudy-day,"WBB,72572024127,KHIF,72575524101,A0002804116,72057299999,KSLC"
84102,2024-02-19,14,0.5,5.4,14,-3.1,2.6,-1.4,66.1,2.743,100,20.83,rain,0,0,51,33.5,157.6,1015.9,66,15.3,73.5,6.4,3,10,2024-02-19T07:16:33,2024-02-19T18:06:43,0.34,"Rain, Partially cloudy",Partly cloudy throughout the day with late afternoon rain.,rain,"QHW,WBB,72572024127,KHIF,A0002804116,72057299999,KSLC"
84102,2024-02-20,9.8,3.3,6.1,8.4,0.4,4.5,3.5,83.9,7.801,100,58.33,rain,0,0,33.5,23.3,154.8,1018.7,95.3,12,53.3,4.4,3,10,2024-02-20T07:15:09,2024-02-20T18:07:55,0.37,"Rain, Overcast",Cloudy skies throughout the day with rain.,rain,"WBB,72572024127,KHIF,72575524101,A0002804116,72057299999,KSLC"
84102,2024-02-21,7.6,0.7,5.6,7,-2.4,3.1,2.7,81.7,4.622,100,37.5,"rain,snow",0.3,0.1,38.9,27.6,334.5,1015.1,93.9,14.4,50.5,4.3,3,10,2024-02-21T07:13:45,2024-02-21T18:09:06,0.41,"Snow, Rain, Overcast",Cloudy skies throughout the day with a chance of rain or snow throughout the day.,snow,"WBB,72572024127,KHIF,72575524101,A0002804116,72057299999,KSLC"
84102,2024-02-22,8.6,0.7,4.1,6.9,-1.7,2.9,0.8,80.2,1.145,100,4.17,"rain,snow",0,0,11.2,12.2,5.9,1025.3,69.8,12.6,172,14.7,7,10,2024-02-22T07:12:19,2024-02-22T18:10:17,0.44,"Snow, Rain, Partially cloudy",Partly cloudy throughout the day with early morning snow or rain.,rain,"KOGD,WBB,72572024127,KHIF,72575524101,72057299999,72575024126,A0002804116,KSLC"
84102,2024-02-23,10.3,-0.1,4.4,10.3,-3.8,2.2,-2.1,64.8,0,0,0,,0,0,11.2,13.4,139.6,1027.3,36.9,16,192.8,16.6,7,10,2024-02-23T07:10:53,2024-02-23T18:11:27,0.47,Partially cloudy,Partly cloudy throughout the day.,partly-cloudy-day,"KOGD,WBB,72572024127,KHIF,72575524101,A0002804116,72575024126,KSLC"
84102,2024-02-24,12.7,-0.2,5.6,12.7,-3.9,3.5,-2.9,57,0,0,0,,0,0,13,18.8,152,1021.6,20.3,16,193.5,16.6,7,10,2024-02-24T07:09:26,2024-02-24T18:12:37,0.5,Partially cloudy,Partly cloudy throughout the day.,partly-cloudy-day,"WBB,72572024127,KHIF,72575524101,A0002804116,72575024126,KSLC"
84102,2024-02-25,16.9,2.5,9.2,16.9,-0.1,7.9,-4.3,40.4,0,0,0,,0,0,38.9,25.5,151.1,1014.7,19.9,16,198.7,17.2,7,10,2024-02-25T07:07:58,2024-02-25T18:13:47,0.54,Clear,Clear conditions throughout the day.,clear-day,"WBB,72572024127,KHIF,72575524101,A0002804116,72575024126,KSLC"
84102,2024-02-26,14.8,1,10.7,14.8,-4.6,9.5,-2.9,40.6,0.86,100,4.17,"rain,snow",0,0,60.2,45,205.6,1004.4,74.8,15.4,125.4,10.8,9,10,2024-02-26T07:06:28,2024-02-26T18:14:57,0.58,"Snow, Rain, Partially cloudy",Partly cloudy throughout the day with late afternoon rain or snow.,rain,"WBB,72572024127,KHIF,72575524101,A0002804116,72575024126,72057299999,KSLC"
84102,2024-02-27,1.4,-2.4,-0.5,-3.4,-7.6,-5.4,-7.4,61.9,3.279,100,16.67,"rain,snow",5,3.1,57.4,37.4,311.5,1015.3,74.2,13.6,218.1,18.8,9,10,2024-02-27T07:04:59,2024-02-27T18:16:06,0.61,"Snow, Rain, Partially cloudy",Partly cloudy throughout the day with early morning snow or rain.,snow,"WBB,72572024127,KHIF,72575524101,A0002804116,72057299999,72575024126,KSLC"
84102,2024-02-28,8.7,-3.5,1.7,7.6,-8.9,-1.5,-8.3,49.8,0,0,0,,0,0.4,14.8,15.9,156.4,1022.6,16.2,16,207.3,17.9,7,10,2024-02-28T07:03:28,2024-02-28T18:17:15,0.64,Clear,Clear conditions throughout the day.,clear-day,"KOGD,WBB,72572024127,KHIF,72575524101,A0002804116,72057299999,72575024126,KSLC"
84102,2024-02-29,15.5,0.6,8.5,15.5,-2.9,7.1,-5.8,39.5,0,0,0,,0,0,66.4,40.7,166.3,1011.6,70.9,16,148.6,12.9,7,10,2024-02-29T07:01:57,2024-02-29T18:18:24,0.68,Partially cloudy,Partly cloudy throughout the day.,partly-cloudy-day,"WBB,72572024127,KHIF,72575524101,72057299999,72575024126,A0002804116,KSLC"
84102,2024-03-01,17,9.8,12.8,17,5.8,12.1,-3.9,32.1,0,0,0,,0,0,80.9,45.5,174.7,1004.6,76.3,13.6,180.4,15.5,7,10,2024-03-01T07:00:24,2024-03-01T18:19:32,0.71,Partially cloudy,Partly cloudy throughout the day.,partly-cloudy-day,"WBB,72572024127,KHIF,72575524101,A0002804116,72057299999,KSLC"
84102,2024-03-02,13.4,-2.2,6,13.4,-7.1,3.2,-3.7,56.3,6.461,100,29.17,"rain,snow",9.5,3.1,95.6,63.2,178.1,1000.8,92.2,10.9,53.9,4.5,7,10,2024-03-02T06:58:52,2024-03-02T18:20:40,0.74,"Snow, Rain, Overcast",Cloudy skies throughout the day with rain or snow.,snow,"WBB,72572024127,KHIF,A0002804116,72057299999,KSLC"
84102,2024-03-03,2.1,-2.8,-0.4,1,-8.3,-4.1,-6.1,67.1,2.125,100,16.67,"rain,snow",5.4,8.8,48.2,22.1,172.7,1008,85.8,14.5,115.6,10,4,10,2024-03-03T06:57:18,2024-03-03T18:21:48,0.75,"Snow, Rain, Partially cloudy",Partly cloudy throughout the day with morning rain or snow.,snow,"WBB,72572024127,KHIF,72575524101,A0002804116,72057299999,KSLC"
84102,2024-03-04,3.6,-2.2,0,1,-6.8,-3.8,-5.1,68.7,0.258,100,4.17,"rain,snow",0.8,3.9,33.5,23,219.3,1014.7,87.7,14.9,170.8,14.7,9,10,2024-03-04T06:55:44,2024-03-04T18:22:56,0.81,"Snow, Rain, Partially cloudy",Partly cloudy throughout the day with morning rain or snow.,snow,"WBB,72572024127,KHIF,72575524101,A0002804116,72057299999,KSLC"
84102,2024-03-05,9.1,-0.7,3.9,5.9,-5.8,-0.1,-3.6,58.7,0,0,0,rain,0.3,0.7,42.5,31.7,161.2,1014.6,82.9,16,187.1,16,8,10,2024-03-05T06:54:10,2024-03-05T18:24:03,0.85,Partially cloudy,Partly cloudy throughout the day.,partly-cloudy-day,"WBB,72572024127,KHIF,72575524101,A0002804116,72057299999,KSLC"
84102,2024-03-06,11,5.1,8,11,3.4,6.7,-1.1,53.3,0,0,0,,0,0,42.5,21.8,309.3,1008.6,91.6,16,125.2,10.8,5,10,2024-03-06T06:52:34,2024-03-06T18:25:10,0.88,Overcast,Cloudy skies throughout the day.,cloudy,"WBB,72572024127,KHIF,72575524101,A0002804116,72057299999,KSLC"
84102,2024-03-07,6,0,3.7,3.7,-5.4,0.4,0.3,79.2,2.668,100,54.17,"rain,snow",0.4,0.2,20.5,24.8,332.1,1011.3,93.1,14.9,59.1,5.2,5,10,2024-03-07T06:50:59,2024-03-07T18:26:16,0.91,"Snow, Rain, Overcast",Cloudy skies throughout the day with a chance of rain or snow throughout the day.,snow,"WBB,72572024127,KHIF,72575524101,A0002804116,72057299999,KSLC"
84102,2024-03-08,3.7,-3.5,0.2,-0.3,-6.8,-3.3,-5.5,66.3,0,0,0,,0,0,37.1,25.5,316.9,1025.3,33.6,16,238.8,20.7,9,10,2024-03-08T06:49:22,2024-03-08T18:27:23,0.95,Partially cloudy,Partly cloudy throughout the day.,partly-cloudy-day,"WBB,72572024127,KHIF,A0002804116,72057299999,KSLC"
84102,2024-03-09,11.4,-3,3,11.4,-7,0.7,-5.9,55.3,0,0,0,,0,0,18.4,23.6,170.5,1023.4,26.3,16,233.8,20.1,8,10,2024-03-09T06:47:46,2024-03-09T18:28:29,0.98,Partially cloudy,Partly cloudy throughout the day.,partly-cloudy-day,"WBB,72572024127,KHIF,A0002804116,72057299999,KSLC"
84102,2024-03-10,16,2.3,9,16,-0.9,7.5,-5.7,38.2,0,0,0,,0,0,57.3,38.6,156.9,1016,51.6,16,221.1,18.6,8,10,2024-03-10T07:46:09,2024-03-10T19:29:35,0,Partially cloudy,Partly cloudy throughout the day.,partly-cloudy-day,"WBB,72572024127,72575524101,KHIF,A0002804116,72057299999,KSLC"
84102,2024-03-11,13.9,4.9,10,13.9,2.6,9,-3.2,40.1,0,0,0,,0,0,55.4,27.4,175,1011.3,74.3,16,111.5,9.6,7,10,2024-03-11T07:44:31,2024-03-11T19:30:41,0.05,Partially cloudy,Partly cloudy throughout the day.,partly-cloudy-day,"WBB,72572024127,KHIF,A0002804116,72057299999,KSLC"
84102,2024-03-12,9.2,3.2,6.4,7.8,1,4.2,0.9,69.2,7.765,100,45.83,rain,0,0,20.5,23.2,152.7,1013,89.4,13.7,47.5,4,3,10,2024-03-12T07:42:54,2024-03-12T19:31:46,0.08,"Rain, Partially cloudy",Partly cloudy throughout the day with rain.,rain,"WBB,72572024127,KHIF,72575524101,A0002804116,72057299999,KSLC"
84102,2024-03-13,5.5,1,3.1,3.7,-4.5,0.5,-1.2,75.4,1.47,100,16.67,"rain,snow",1.5,0,51.8,32.5,324.2,1015.7,81.5,14.3,93.6,8.2,4,10,2024-03-13T07:41:15,2024-03-13T19:32:51,0.11,"Snow, Rain, Partially cloudy",Partly cloudy throughout the day with rain or snow clearing later.,snow,"WBB,72572024127,KHIF,A0002804116,72057299999,KSLC"
84102,2024-03-14,10.4,-0.7,4.4,10.4,-4.3,2.4,-3.6,59.2,0,0,0,,0,0,77.8,33.7,31.1,1018,77.8,16,230,19.9,8,10,2024-03-14T07:39:37,2024-03-14T19:33:56,0.15,Partially cloudy,Partly cloudy throughout the day.,partly-cloudy-day,"WBB,72572024127,KHIF,72575524101,A0002804116,72057299999,72575024126,KSLC"
84102,2024-03-15,12.6,1.1,6.9,12.6,-3.1,4.8,-4.1,46.8,0,0,0,,0,0,68.4,150.5,44.8,1016.7,36.2,16,232.6,20.1,8,10,2024-03-15T07:37:58,2024-03-15T19:35:01,0.18,Partially cloudy,Partly cloudy throughout the day.,wind,"WBB,72572024127,KHIF,A0002804116,72057299999,KSLC"
84102,2024-03-16,15.9,1.8,9.1,15.9,-1.5,8.3,-3.2,44.6,0,0,0,,0,0,70.6,24.5,39.4,1014.7,22.2,16,255,22.1,8,10,2024-03-16T07:36:20,2024-03-16T19:36:06,0.25,Partially cloudy,Partly cloudy throughout the day.,partly-cloudy-day,"QHW,WBB,72572024127,KHIF,A0002804116,72057299999,KSLC"
84102,2024-03-17,16.5,6,11.2,16.5,4.5,10.3,-3.1,37.6,0,0,0,,0,0,61.2,28.2,57.2,1017.7,50.3,16,256,22.2,8,10,2024-03-17T07:34:40,2024-03-17T19:37:11,0.25,Partially cloudy,Partly cloudy throughout the day.,partly-cloudy-day,"WBB,72572024127,KHIF,72575524101,A0002804116,72057299999,KSLC"
84102,2024-03-18,17,4.3,10.8,17,2.7,10.1,-2,43,0,0,0,,0,0,42.5,15.3,252.5,1021.7,18.1,15.9,256.4,22.2,9,10,2024-03-18T07:33:01,2024-03-18T19:38:15,0.28,Clear,Clear conditions throughout the day.,clear-day,"WBB,72572024127,KHIF,72575524101,A0002804116,72057299999,KSLC"
84102,2024-03-19,18.1,4.8,11.3,18.1,2.7,10.3,-1.1,44.8,0,0,0,,0,0,29.5,19.6,125.2,1017,4.9,15.9,256.4,22.1,9,10,2024-03-19T07:31:22,2024-03-19T19:39:19,0.31,Clear,Clear conditions throughout the day.,clear-day,"WBB,72572024127,KHIF,72575524101,A0002804116,72057299999,KSLC"
84102,2024-03-20,19.1,6.1,12.5,19.1,3.4,11.4,-2.1,38.7,0,0,0,,0,0,31.7,17.8,156.4,1013.2,15.9,16,263.4,23,9,10,2024-03-20T07:29:42,2024-03-20T19:40:23,0.35,Clear,Clear conditions throughout the day.,clear-day,"WBB,72572024127,KHIF,72575524101,A0002804116,72057299999,KSLC"
84102,2024-03-21,16.9,8.2,12.3,16.9,5.9,11.5,-2.2,37.7,0,0,0,,0,0,27.7,24.6,197,1013.7,49,16,186.7,16.1,7,10,2024-03-21T07:28:03,2024-03-21T19:41:27,0.38,Partially cloudy,Partly cloudy throughout the day.,partly-cloudy-day,"KOGD,WBB,72572024127,KHIF,72575524101,A0002804116,72057299999,72575024126,KSLC"
84102,2024-03-22,18.6,4.9,11.9,18.6,1.7,11.2,-1.4,41.7,0,0,0,,0,0,51.8,25.8,154.1,1014.1,58,16,162.5,13.9,9,10,2024-03-22T07:26:23,2024-03-22T19:42:31,0.41,Partially cloudy,Partly cloudy throughout the day.,partly-cloudy-day,"WBB,72572024127,KHIF,72575524101,A0002804116,72057299999,72575024126,KSLC"
84102,2024-03-23,16,2.6,10.8,16,-2.1,9.7,-0.2,50.8,5.918,100,29.17,rain,0,0,71.9,45.2,169.2,1002,79,14.1,94.3,8.1,7,10,2024-03-23T07:24:44,2024-03-23T19:43:34,0.45,"Rain, Partially cloudy",Partly cloudy throughout the day with rain.,rain,"WBB,72572024127,KHIF,72575524101,A0002804116,72057299999,KSLC"
84102,2024-03-24,5.4,1.2,3.5,3.2,-3.9,1,1.4,86.1,5.751,100,83.33,"rain,snow",2.4,1.5,51.8,26.9,1,1000.5,94.8,13.5,102.1,8.9,9,10,2024-03-24T07:23:04,2024-03-24T19:44:38,0.48,"Snow, Rain, Overcast",Cloudy skies throughout the day with a chance of rain or snow throughout the day.,snow,"KOGD,WBB,72572024127,KHIF,72575524101,A0002804116,72057299999,72575024126,KSLC"
84102,2024-03-25,9,2.7,4.5,7.2,-1.1,2.6,0.3,75.9,0.945,100,16.67,rain,0,0,51.8,20.2,264.5,1006,83,15.6,123,10.7,9,10,2024-03-25T07:21:24,2024-03-25T19:45:41,0.5,"Rain, Partially cloudy",Partly cloudy throughout the day with rain in the morning and afternoon.,rain,"WBB,72572024127,KHIF,72575524101,A0002804116,72057299999,72575024126,KSLC"
84102,2024-03-26,9.4,2,4.7,6.4,-1.1,1.7,-0.7,70.1,0.584,100,20.83,rain,0.5,0,48.2,29.2,298.6,1010.9,83.8,15.7,152,13.1,10,10,2024-03-26T07:19:45,2024-03-26T19:46:45,0.55,"Rain, Partially cloudy",Partly cloudy throughout the day with a chance of rain or snow throughout the day.,snow,"WBB,72572024127,KHIF,72575524101,A0002804116,72057299999,72575024126,KSLC"
84102,2024-03-27,11.9,2,7.3,11.9,-1.8,5.9,-2.9,51.1,0,0,0,rain,0.5,0,46.4,27.1,161.5,1017.8,75.5,16,221.7,19.1,10,10,2024-03-27T07:18:06,2024-03-27T19:47:48,0.58,Partially cloudy,Partly cloudy throughout the day.,partly-cloudy-day,"WBB,72572024127,KHIF,72575524101,A0002804116,72057299999,72575024126,KSLC"
84102,2024-03-28,11.5,2.6,7.6,11.5,-2.2,5.1,-1.1,58.1,6.064,100,20.83,rain,0.8,0,57.1,36.6,163.3,1010.7,93.2,14.2,36.5,3.2,2,10,2024-03-28T07:16:26,2024-03-28T19:48:51,0.62,"Rain, Overcast",Cloudy skies throughout the day with rain or snow.,snow,"KOGD,WBB,72572024127,KPVU,KHIF,72575524101,A0002804116,72575024126,KSLC"
84102,2024-03-29,12,2.6,6.9,12,0.3,5.9,-0.5,62.8,0,0,0,rain,0.3,0,16.6,20.5,161.5,1009.6,82.3,16,215.9,18.8,10,10,2024-03-29T07:14:47,2024-03-29T19:49:54,0.65,Partially cloudy,Partly cloudy throughout the day.,partly-cloudy-day,"WBB,72572024127,KHIF,72575524101,A0002804116,72575024126,KSLC"
84102,2024-03-30,11,7.1,8.5,11,4.8,6.6,2.2,65.5,0.473,100,33.33,rain,0,0,44.6,22.9,160.7,1005.1,98.4,15.9,68.9,6,2,10,2024-03-30T07:13:08,2024-03-30T19:50:58,0.69,"Rain, Overcast",Cloudy skies throughout the day with a chance of rain throughout the day.,rain,"KOGD,WBB,72572024127,KPVU,KHIF,72575524101,A0002804116,72575024126,KSLC"
84102,2024-03-31,10.6,3.8,6.7,10.6,0.2,4,2.6,76.2,6.662,100,75,rain,0,0,64.8,46.3,157.2,1001.1,95.6,15,154.1,13.2,10,10,2024-03-31T07:11:30,2024-03-31T19:52:01,0.72,"Rain, Overcast",Cloudy skies throughout the day with a chance of rain throughout the day.,rain,"QHW,KOGD,WBB,72572024127,KHIF,72575524101,A0002804116,72575024126,KSLC"
84102,2024-04-01,9.8,3.3,6.3,7,1,4,1.5,72.9,0.252,100,4.17,rain,0,0,37.1,27.4,327.9,1013,81.5,15.9,127.8,11.1,6,10,2024-04-01T07:09:51,2024-04-01T19:53:04,0.75,"Rain, Partially cloudy",Partly cloudy throughout the day with afternoon rain.,rain,"WBB,72572024127,KHIF,72575524101,A0002804116,72575024126,72057299999,KSLC"
84102,2024-04-02,15.4,2.1,8.7,15.4,-0.4,7.8,-0.9,54.3,0,0,0,,0,0,16.6,15.5,345.7,1024.6,9.7,15.9,297.4,25.6,9,10,2024-04-02T07:08:13,2024-04-02T19:54:07,0.79,Clear,Clear conditions throughout the day.,clear-day,"KOGD,WBB,72572024127,KHIF,72575524101,A0002804116,72575024126,72057299999,KSLC"
84102,2024-04-03,20.4,5.9,12.8,20.4,2.9,11.7,0.1,44.8,0,0,0,,0,0,27.7,20.8,151.8,1018.3,12.4,16,301.5,26.2,9,10,2024-04-03T07:06:36,2024-04-03T19:55:10,0.83,Clear,Clear conditions throughout the day.,clear-day,"WBB,72572024127,KHIF,72575524101,A0002804116,72057299999,KSLC"
84102,2024-04-04,22.5,12.1,16.5,22.5,12.1,16.5,-3.7,27.3,0,0,0,,0,0,61.7,42,171.9,1001.9,63.6,16,171.8,15,6,10,2024-04-04T07:04:58,2024-04-04T19:56:13,0.86,Partially cloudy,Partly cloudy throughout the day.,partly-cloudy-day,"KOGD,WBB,72572024127,KHIF,72575524101,A0002804116,72057299999,72575024126,KSLC"
84102,2024-04-05,16.7,3.1,10.7,16.7,-0.6,9.5,-3.7,40.4,0.473,100,12.5,rain,0,0,76.9,48.7,169.3,998.4,69.5,15.9,101.5,8.8,5,10,2024-04-05T07:03:21,2024-04-05T19:57:16,0.9,"Rain, Partially cloudy",Partly cloudy throughout the day with rain.,rain,"WBB,72572024127,KHIF,72575524101,A0002804116,72057299999,KSLC"
84102,2024-04-06,6.3,0.5,3.3,2.4,-4.7,0.1,-2.5,67.1,2.521,100,25,"rain,snow",2.8,0.4,53.6,29.6,303,1013.5,83.9,13.7,85.6,7.4,4,10,2024-04-06T07:01:45,2024-04-06T19:58:18,0.93,"Snow, Rain, Partially cloudy",Partly cloudy throughout the day with a chance of rain or snow throughout the day.,snow,"WBB,72572024127,KHIF,72575524101,A0002804116,72057299999,KSLC"
84102,2024-04-07,9,1.9,5.3,6.8,-0.4,3.1,-4.5,51.4,0,0,0,,0,0,29.6,20,293.5,1018.3,75.8,16,234.3,20.1,10,10,2024-04-07T07:00:08,2024-04-07T19:59:21,0.96,Partially cloudy,Partly cloudy throughout the day.,partly-cloudy-day,"KOGD,WBB,72572024127,KHIF,72575524101,A0002804116,72057299999,72575024126,KSLC"
84102,2024-04-08,10.5,1.3,5.8,10.5,-1.5,4,-2.2,57.9,0.004,100,4.17,rain,0,0,37.1,24.7,301.2,1018.4,48.3,16,184.8,15.9,7,10,2024-04-08T06:58:33,2024-04-08T20:00:24,0,"Rain, Partially cloudy",Partly cloudy throughout the day with morning rain.,rain,"WBB,72572024127,KHIF,72575524101,A0002804116,72057299999,72575024126,KSLC"
84102,2024-04-09,13.7,1.6,8,13.7,-1.7,6.8,-2.4,49.8,0,0,0,,0,0,31.7,17.6,190.4,1021,24.8,16,300,25.9,10,10,2024-04-09T06:56:57,2024-04-09T20:01:27,0.03,Partially cloudy,Partly cloudy throughout the day.,partly-cloudy-day,"KOGD,WBB,72572024127,KPVU,KHIF,72575524101,A0002804116,72575024126,KSLC"
